{"proxies":{"ti.imagepicker.TitaniumImagepickerModule":{"superPackageName":"org.appcelerator.kroll","superProxyBindingClassName":"org.appcelerator.kroll.KrollModuleBindingGen","proxyClassName":"TitaniumImagepickerModule","proxyAttrs":{"propertyAccessors":[],"fullAPIName":"TitaniumImagepicker","name":"TitaniumImagepicker","proxyClassName":"ti.imagepicker.TitaniumImagepickerModule","isTopLevel":false,"id":"ti.imagepicker"},"packageName":"ti.imagepicker","sourceName":"ti.imagepicker.TitaniumImagepickerModuleBindingGen","superProxyClassName":"KrollModule","isModule":true,"genClassName":"TitaniumImagepickerModuleBindingGen"}},"modules":{"ti.imagepicker.TitaniumImagepickerModule":{"apiName":"TitaniumImagepicker"}}}